ID,발화문,정답의도
FD-01,아메리카노 한 잔 주문할게요,주문
FD-02,카페라떼 하나 주세요,주문
FD-03,따뜻한 걸로 두 잔이요,옵션변경
FD-04,아이스로 바꿔주세요,옵션변경
FD-05,세트 말고 단품으로 할게요,옵션변경
FD-06,사이즈는 큰 걸로 주세요,옵션변경
FD-07,여기서 먹고 갈게요,매장/포장
FD-08,취소하고 다시 처음부터 할게요,취소/처음으로
FD-09,그 커피 그거 뜨거운 걸로 하나요,주문
FD-10,테이크 아웃 되나요,매장/포장
FD-11,아이스 아메리카노 디카페인,주문
FD-12,삼천원짜리 그거 주세요,주문
FD-13,두개는 포장하고 하나는 먹을게요,매장/포장
FD-14,카드로 결제할게요,결제
FD-15,현금으로 낼게요,결제
FD-16,삼성페이 돼요,결제
FD-17,영수증 필요해요,결제
FD-18,비밀번호 어디에 눌러요,도움요청
FD-19,쿠폰 어디 찍으면 되나요,할인/쿠폰
FD-20,글씨가 잘 안보이는데 키워주세요,도움요청
FD-21,뒤로 가고 싶어요,취소/처음으로
FD-22,처음으로 돌아가주세요,취소/처음으로
FD-23,이게 어떻게 누르는거예요,도움요청
FD-24,화면을 못 찾겠어요,도움요청
FD-25,이거 따신 걸로 하나 주세요,주문
FD-26,아메리카노 한 잔이요,주문
FD-27,이거 어떻게 해요,도움요청
FD-28,카페라떼 뜨겁게 한 잔,주문
GV-01,민원서류 떼러왔어요,주문
GV-02,주민등록등본 한 통 부탁해요,주문
GV-03,민원서류 떼러왔어요,주문
GV-04,주민등록등본 한 통 부탁해요,주문
GV-05,등본 말고 초본이요,옵션변경
GV-06,가족관계증명서 필요해요,주문
GV-07,여기서 전입신고 되나요,정보문의
GV-08,등본 두 통 뽑아주세요,주문
GV-09,번호표 뽑는 거 알아요,정보문의
GV-10,몇 번 창구로 가야 돼요,도움요청
GV-11,카드로 결제할게요,결제
GV-12,현금으로 낼게요,결제
GV-13,비밀번호 어디에 눌러요,도움요청
GV-14,영수증 필요해요,결제
GV-15,어르신 할인 되나요,할인/쿠폰
GV-16,글씨가 잘 안보이는데 키워주세요,도움요청
GV-17,이게 어떻게 누르는 거예요,도움요청
GV-18,뒤로 가고 싶어요,취소/처음으로
GV-19,처음으로 돌아가주세요,취소/처음으로
GV-20,화면을 못 찾겠어요,도움요청

