발화문,정답의도
아메리카노 두 잔 주세요,주문
라떼 한 잔 부탁드려요,주문
카푸치노 하나 주문할게요,주문
아이스티 하나요,주문
녹차라떼 한 잔 주세요,주문
핫초코 두 개 주세요,주문
에스프레소 한 잔이요,주문
바닐라라떼 하나 주문이요,주문
콜드브루 한 잔 주세요,주문
자몽에이드 하나요,주문
아메리카노로 할게요,주문
카페모카 한 잔 주세요,주문
딸기스무디 하나 부탁해요,주문
주민등록초본 한 통 발급해주세요,주문
인감증명서 떼려고요,주문
건강보험 자격득실확인서 주세요,주문
토지대장 한 부 발급이요,주문
납세증명서 필요합니다,주문
여권 재발급 신청하려고요,주문
출입국사실증명서 떼주세요,주문
혼인관계증명서 한 통이요,주문
기본증명서 발급해주세요,주문
사업자등록증명 한 부요,주문
지방세 완납증명서 주세요,주문
등본 세 통 뽑아주세요,주문
커피 한 잔 주문하려고요,주문
샌드위치 하나 주세요,주문
베이글 두 개요,주문
뜨거운 걸로 바꿔주세요,옵션변경
연하게 해주세요,옵션변경
샷 추가해주세요,옵션변경
시럽 빼주세요,옵션변경
얼음 적게 넣어주세요,옵션변경
우유를 두유로 바꿔주세요,옵션변경
사이즈 작은 걸로요,옵션변경
디카페인으로 변경해주세요,옵션변경
휘핑크림 빼주세요,옵션변경
달지 않게 해주세요,옵션변경
라지 사이즈로 바꿔주세요,옵션변경
톨 사이즈로 할게요,옵션변경
설탕 추가해주세요,옵션변경
진하게 해주세요,옵션변경
초본 말고 등본으로 바꿔주세요,옵션변경
한 통 말고 두 통으로요,옵션변경
국문 말고 영문으로 발급해주세요,옵션변경
주소 포함해서 떼주세요,옵션변경
세트로 변경할게요,옵션변경
단품으로 바꿀게요,옵션변경
포장해 주세요,매장/포장
가져갈게요,매장/포장
여기서 마시고 갈게요,매장/포장
테이크아웃할게요,매장/포장
매장에서 먹을 거예요,매장/포장
포장이요,매장/포장
여기서 먹을게요,매장/포장
싸 주세요,매장/포장
들고 갈게요,매장/포장
먹고 갈 거예요,매장/포장
포장으로 해주세요,매장/포장
여기 앉아서 먹을게요,매장/포장
신용카드로 할게요,결제
체크카드로 결제요,결제
계좌이체 되나요,결제
카카오페이로 낼게요,결제
네이버페이 돼요,결제
현금영수증 해주세요,결제
카드 여기 꽂으면 되나요,결제
페이코로 결제할게요,결제
간편결제 할게요,결제
상품권으로 계산되나요,결제
포인트로 결제할게요,결제
제로페이 되나요,결제
결제 카드로 할게요,결제
현금으로 계산이요,결제
할인쿠폰 있는데요,할인/쿠폰
적립 되나요,할인/쿠폰
멤버십 할인 돼요,할인/쿠폰
통신사 할인 되나요,할인/쿠폰
쿠폰 사용할게요,할인/쿠폰
스탬프 적립해주세요,할인/쿠폰
경로우대 할인 되나요,할인/쿠폰
국가유공자 할인 있나요,할인/쿠폰
제휴카드 할인 돼요,할인/쿠폰
생일 쿠폰 쓸게요,할인/쿠폰
할인 받을 수 있나요,할인/쿠폰
포인트 적립해주세요,할인/쿠폰
이거 취소해주세요,취소/처음으로
처음 화면으로 가주세요,취소/처음으로
다시 시작할게요,취소/처음으로
방금 거 취소요,취소/처음으로
이전으로 돌아갈래요,취소/처음으로
초기화면으로 가주세요,취소/처음으로
주문 취소할게요,취소/처음으로
앞으로 돌아가주세요,취소/처음으로
처음부터 다시 할게요,취소/처음으로
취소하고 싶어요,취소/처음으로
리셋해주세요,취소/처음으로
되돌리기 해주세요,취소/처음으로
이거 어떻게 하는 거예요,도움요청
여기 좀 도와주세요,도움요청
버튼이 어디 있어요,도움요청
글자가 안 보여요,도움요청
화면이 너무 작아요,도움요청
직원 좀 불러주세요,도움요청
어디를 눌러야 해요,도움요청
잘 모르겠어요 도와주세요,도움요청
이 다음에 뭘 눌러요,도움요청
확인 버튼이 어디예요,도움요청
소리를 키워주세요,도움요청
다음이 안 넘어가요,도움요청
화면 밝게 해주세요,도움요청
여기서 뭘 해야 하나요,도움요청
도움이 필요해요,도움요청
글씨가 작아서 안 보여요,도움요청
여기서 여권 신청 되나요,정보문의
등본 발급 얼마예요,정보문의
카드 발급 여기서 되나요,정보문의
운영 시간이 어떻게 돼요,정보문의
수수료 얼마예요,정보문의
이거 무료인가요,정보문의
주차 되나요,정보문의
화장실 어디예요,정보문의
인터넷 신청도 되나요,정보문의
서류 언제 나와요,정보문의
무인발급기로 되나요,정보문의
팩스 보낼 수 있나요,정보문의

